city,category,name,url,address,website,email,scrapedAt
"New York","Sports & Fitness","Sports Lab NYC","https://www.google.com/maps/place/Sports+Lab+NYC/data=!4m7!3m6!1s0x89c259aa7be89cf9:0xccd3c59bd22925b5!8m2!3d40.7517498!4d-73.9794324!16s%2Fg%2F1pp2vdl9b!19sChIJ-Zzoe6pZwokRtSUp0pvF08w?authuser=0&hl=en&rclk=1","295 Madison Ave Ste 103G, New York, NY 10017, United States","http://www.sportslabnyc.com/","concierge@sportslabnyc.com","2026-08-17T04:52:52.912Z"
"New York","Sports & Fitness","GÜDSPORT at ARENA ONE","https://www.google.com/maps/place/G%C3%9CDSPORT+at+ARENA+ONE/data=!4m7!3m6!1s0x89c259d1a4d187a3:0x6c1bfe49ff32a1d0!8m2!3d40.7110759!4d-74.0120239!16s%2Fg%2F11sv00nvhc!19sChIJo4fRpNFZwokR0KEy_0n-G2w?authuser=0&hl=en&rclk=1","185 Greenwich St Suite 3001, New York, NY 10007, United States","https://www.gudsport.net/","Not found","2026-08-17T04:52:54.924Z"
"New York","Sports & Fitness","New York Sports Club","https://www.google.com/maps/place/New+York+Sports+Club/data=!4m7!3m6!1s0x89c259a0d7730515:0x5f5da1caab2a7776!8m2!3d40.7401753!4d-73.9857173!16s%2Fg%2F1tjz48r_!19sChIJFQVz16BZwokRdncqq8qhXV8?authuser=0&hl=en&rclk=1","113 E 23rd St, New York, NY 10010, United States","https://www.newyorksportsclubs.com/clubs/23rd-park","kayla.mcmillan@nysc.com, theresa.marett@nysc.com","2026-08-17T04:53:03.030Z"
"New York","Sports & Fitness","New York Sports Club","https://www.google.com/maps/place/New+York+Sports+Club/data=!4m7!3m6!1s0x89c258c09fc34bef:0xe80487af479f79e0!8m2!3d40.7710804!4d-73.9550559!16s%2Fg%2F1tfj4224!19sChIJ70vDn8BYwokR4HmfR6-HBOg?authuser=0&hl=en&rclk=1","349 E 76th St, New York, NY 10021, United States","https://www.newyorksportsclubs.com/clubs/76th-1st","Not found","2026-08-17T04:53:16.074Z"
"New York","Sports & Fitness","Strength Society NYC","https://www.google.com/maps/place/Strength+Society+NYC/data=!4m7!3m6!1s0x89c2f7c88b1432ab:0x8d74ac231ce9e50b!8m2!3d40.800466!4d-73.9675035!16s%2Fg%2F11wvh_s868!19sChIJqzIUi8j3wokRC-XpHCOsdI0?authuser=0&hl=en&rclk=1","237 W 105th St, New York, NY 10025, United States","https://strengthsocietynyc.com/","Not found","2026-08-17T04:53:29.164Z"
"New York","Sports & Fitness","GYM NYC","https://www.google.com/maps/place/GYM+NYC/data=!4m7!3m6!1s0x89c2598f3597444d:0x235a85560800e250!8m2!3d40.7226743!4d-73.9961133!16s%2Fg%2F11c0w84q0s!19sChIJTUSXNY9ZwokRUOIACFaFWiM?authuser=0&hl=en&rclk=1","227 Mulberry St, New York, NY 10012, United States","http://thegym.nyc/","Not found","2026-08-17T04:53:45.224Z"
"New York","Sports & Fitness","Solace New York","https://www.google.com/maps/place/Solace+New+York/data=!4m7!3m6!1s0x89c259a81dafd32b:0xa94db623517b9e62!8m2!3d40.7459869!4d-73.9831542!16s%2Fg%2F11b5ytccr4!19sChIJK9OvHahZwokRYp57USO2Tak?authuser=0&hl=en&rclk=1","38 E 32nd St, New York, NY 10016, United States","http://www.solacenewyork.com/","Not found","2026-08-17T04:53:58.323Z"
"New York","Sports & Fitness","New York Sports Club","https://www.google.com/maps/place/New+York+Sports+Club/data=!4m7!3m6!1s0x89c25907bca93641:0x4092de7df32d71fc!8m2!3d40.7466308!4d-73.9806914!16s%2Fg%2F1pv6ylhk2!19sChIJQTapvAdZwokR_HEt833ekkA?authuser=0&hl=en&rclk=1","3 Park Ave, New York, NY 10016, United States","https://www.newyorksportsclubs.com/clubs/murray-hill","Not found","2026-08-17T04:54:11.407Z"
"New York","Sports & Fitness","New York Sports Club","https://www.google.com/maps/place/New+York+Sports+Club/data=!4m7!3m6!1s0x89c258a4f9aeec59:0x336ba447dcc53e21!8m2!3d40.7822308!4d-73.9509295!16s%2Fg%2F1wrgl1w6!19sChIJWeyu-aRYwokRIT7F3EekazM?authuser=0&hl=en&rclk=1","1637 3rd Ave, New York, NY 10128, United States","https://www.newyorksportsclubs.com/clubs/91st-3rd","Not found","2026-08-17T04:54:24.409Z"
"New York","Sports & Fitness","Equinox Sports Club New York","https://www.google.com/maps/place/Equinox+Sports+Club+New+York/data=!4m7!3m6!1s0x89c258f5349badaf:0xcb3545ba002335ae!8m2!3d40.7745008!4d-73.9812756!16s%2Fg%2F1td0tt6v!19sChIJr62bNPVYwokRrjUjALpFNcs?authuser=0&hl=en&rclk=1","160 Columbus Ave, New York, NY 10023, United States","https://www.equinox.com/clubs/new-york/uptown/sportsclubnewyork?cid=gmb","Not found","2026-08-17T04:54:37.505Z"
"New York","Sports & Fitness","New York Sports Club","https://www.google.com/maps/place/New+York+Sports+Club/data=!4m7!3m6!1s0x89c259be9976067b:0x4f4fad43a91ff45a!8m2!3d40.7412301!4d-74.001226!16s%2Fg%2F1tlc8_2s!19sChIJewZ2mb5ZwokRWvQfqUOtT08?authuser=0&hl=en&rclk=1","128 8th Ave, New York, NY 10011, United States","https://www.newyorksportsclubs.com/clubs/16th-8th","Not found","2026-08-17T04:54:53.537Z"
"New York","Sports & Fitness","Slam Lifestyle and Fitness Studio - Mint Street","https://www.google.com/maps/place/Slam+Lifestyle+and+Fitness+Studio+-+Mint+Street/data=!4m7!3m6!1s0x3a526f78ebde2f59:0x5d26aad6226c2bd8!8m2!3d13.1017456!4d80.2800442!16s%2Fg%2F11j50jn628!19sChIJWS_e63hvUjoR2CtsItaqJl0?authuser=0&hl=en&rclk=1","Old No21, New No39 Mint Street, 2nd Floor, Sowcarpet, Chennai, Tamil Nadu 600001","http://www.paulsons.in/slam-fitness.php","Not found","2026-08-17T04:55:06.588Z"
"New York","Sports & Fitness","New York Sports Club","https://www.google.com/maps/place/New+York+Sports+Club/data=!4m7!3m6!1s0x89c259039a675e2b:0x8ec0ec31ebe560c2!8m2!3d40.7496109!4d-73.9749145!16s%2Fg%2F1tlwgkc2!19sChIJK15nmgNZwokRwmDl6zHswI4?authuser=0&hl=en&rclk=1","633 3rd Ave, New York, NY 10017, United States","https://www.newyorksportsclubs.com/clubs/41st-3rd","Not found","2026-08-17T04:55:19.553Z"
"New York","Sports & Fitness","Fit Club NY Physical Therapy","https://www.google.com/maps/place/Fit+Club+NY+Physical+Therapy/data=!4m7!3m6!1s0x89c259a531f963f5:0x7e335c80e5040d15!8m2!3d40.7473685!4d-73.9911207!16s%2Fg%2F11c1x03zn0!19sChIJ9WP5MaVZwokRFQ0E5YBcM34?authuser=0&hl=en&rclk=1","129 W 29th St Second Floor, New York, NY 10001, United States","https://fitclubny.com/","Not found","2026-08-17T04:55:32.464Z"
"New York","Sports & Fitness","Crunch Fitness - Union Square","https://www.google.com/maps/place/Crunch+Fitness+-+Union+Square/data=!4m7!3m6!1s0x89c25999397ab511:0x5bf48f9f4174fa80!8m2!3d40.7328631!4d-73.9897564!16s%2Fg%2F1thqbs68!19sChIJEbV6OZlZwokRgPp0QZ-P9Fs?authuser=0&hl=en&rclk=1","113 4th Ave, New York, NY 10003, United States","https://www.crunch.com/locations/union-square","Not found","2026-08-17T04:55:45.523Z"
"New York","Sports & Fitness","CompleteBody Financial District","https://www.google.com/maps/place/CompleteBody+Financial+District/data=!4m7!3m6!1s0x89c25a17e38ada89:0xd7118d74854d5612!8m2!3d40.7046069!4d-74.0088274!16s%2Fg%2F1tlgywb9!19sChIJidqK4xdawokRElZNhXSNEdc?authuser=0&hl=en&rclk=1","10 Hanover Square, New York, NY 10005, United States","https://www.completebody.com/completebody-financial-district/","Not found","2026-08-17T04:56:01.575Z"
"New York","Sports & Fitness","New York Sports Club","https://www.google.com/maps/place/New+York+Sports+Club/data=!4m7!3m6!1s0x89c25f3f9e83b3f5:0x13ad3e57e1eff81f!8m2!3d40.7641786!4d-73.9149709!16s%2Fg%2F1tfjrmm6!19sChIJ9bODnj9fwokRH_jv4Vc-rRM?authuser=0&hl=en&rclk=1","38-11 30th Ave., Astoria, NY 11103, United States","https://www.newyorksportsclubs.com/clubs/astoria","Not found","2026-08-17T04:56:14.595Z"
"New York","Sports & Fitness","TMPL Fitness","https://www.google.com/maps/place/TMPL+Fitness/data=!4m7!3m6!1s0x89c259dd69c2fe9f:0xb70c9517a081797a!8m2!3d40.7232469!4d-73.9853726!16s%2Fg%2F11lh7bgky1!19sChIJn_7Cad1ZwokRenmBoBeVDLc?authuser=0&hl=en&rclk=1","28-30 Avenue A, New York, NY 10009, United States","https://www.tmplclubs.com/locations/tmpl-avenue-a?utm_source=google&utm_medium=organic&utm_campaign=google_my_business&utm_id=ave_a","Not found","2026-08-17T04:56:27.748Z"
"New York","Sports & Fitness","JDI Barbell Tribeca","https://www.google.com/maps/place/JDI+Barbell+Tribeca/data=!4m7!3m6!1s0x89c25b2de2fa9991:0x38eed13736729a5e!8m2!3d40.7165872!4d-74.0048064!16s%2Fg%2F11jzgy935z!19sChIJkZn64i1bwokRXppyNjfR7jg?authuser=0&hl=en&rclk=1","Retail Level, 93 Worth St, New York, NY 10013, United States","https://www.jdibarbell.com/","Not found","2026-08-17T04:56:40.876Z"
"New York","Sports & Fitness","Gym U NYC","https://www.google.com/maps/place/Gym+U+NYC/data=!4m7!3m6!1s0x89c2598b6145a441:0x693f5ca18d54c80e!8m2!3d40.7445928!4d-73.9961144!16s%2Fg%2F11k434pscs!19sChIJQaRFYYtZwokRDshUjaFcP2k?authuser=0&hl=en&rclk=1","215 W 23rd St, New York, NY 10011, United States","http://gymunyc.com/","Not found","2026-08-17T04:56:54.027Z"
"New York","Electronics","PayMore- Buy, Sell & Trade Electronics","https://www.google.com/maps/place/PayMore-+Buy,+Sell+%26+Trade+Electronics/data=!4m7!3m6!1s0x89c2fbddff987821:0x599fc5cc80294d29!8m2!3d40.92543!4d-74.08683!16s%2Fg%2F11ydc6n355!19sChIJIXiY_937wokRKU0pgMzFn1k?authuser=0&hl=en&rclk=1","175 Rte 4, Paramus, NJ 07652, United States","http://paramusnj.paymore.com/","Not found","2026-08-17T04:57:13.670Z"
"New York","Electronics","Best Buy","https://www.google.com/maps/place/Best+Buy/data=!4m7!3m6!1s0x89c258fe2b9f4ce7:0x40e1aa104ed78ba6!8m2!3d40.7548416!4d-73.9796849!16s%2Fg%2F113fws5n9!19sChIJ50yfK_5YwokRpovXThCq4UA?authuser=0&hl=en&rclk=1","531 5th Ave, New York, NY 10017, United States","https://stores.bestbuy.com/ny/new-york/531-5th-ave-1028.html/?ref=NS&loc=ns100","Not found","2026-08-17T04:57:20.646Z"
"New York","Electronics","Sell Electronics NYC","https://www.google.com/maps/place/Sell+Electronics+NYC/data=!4m7!3m6!1s0x89c258ff11867add:0x8bcd4f7c6023a36f!8m2!3d40.7571595!4d-73.9802025!16s%2Fg%2F1tl8lmlr!19sChIJ3XqGEf9YwokRb6MjYHxPzYs?authuser=0&hl=en&rclk=1","30 W 47th St, New York, NY 10036, United States","http://sellelectronicsnyc.com/","Not found","2026-08-17T04:57:25.136Z"
"New York","Electronics","Electronics Garden - iphone Repair","https://www.google.com/maps/place/Electronics+Garden+-+iphone+Repair/data=!4m7!3m6!1s0x89c2590df13bf775:0xac6b4b52318309ed!8m2!3d40.7526256!4d-73.9890855!16s%2Fg%2F11vhzy3pn6!19sChIJdfc78Q1ZwokR7QmDMVJLa6w?authuser=0&hl=en&rclk=1","499 7th Ave, New York, NY 10001, United States","https://electronicsgardenrepair.com/","electronicsgardenrepair@gmail.com","2026-08-17T04:57:27.797Z"
"New York","Electronics","Lucas Electronics","https://www.google.com/maps/place/Lucas+Electronics/data=!4m7!3m6!1s0x89c25940ca923de7:0xb6501a9f5b8d98b1!8m2!3d40.7298494!4d-73.9539728!16s%2Fg%2F11btx0zwz9!19sChIJ5z2SykBZwokRsZiNW58aULY?authuser=0&hl=en&rclk=1","886 Manhattan Ave, Brooklyn, NY 11222, United States","Not found","Not found","2026-08-17T04:57:29.224Z"
"New York","Electronics","NEW YORK ELECTRONICS","https://www.google.com/maps/place/NEW+YORK+ELECTRONICS/data=!4m7!3m6!1s0x89c2f3f643d0eccd:0xf5fa7a4576eadbea!8m2!3d40.8661397!4d-73.9200399!16s%2Fg%2F11gfd6r9bv!19sChIJzezQQ_bzwokR6tvqdkV6-vU?authuser=0&hl=en&rclk=1","559 W 207th St, New York, NY 10034, United States","Not found","Not found","2026-08-17T04:57:33.590Z"
"New York","Electronics","Best Buy","https://www.google.com/maps/place/Best+Buy/data=!4m7!3m6!1s0x89c25998db38e185:0xddc4308a17270781!8m2!3d40.734316!4d-73.990105!16s%2Fg%2F1tdvl2j3!19sChIJheE425hZwokRgQcnF4owxN0?authuser=0&hl=en&rclk=1","52 E 14th St, New York, NY 10003, United States","https://stores.bestbuy.com/ny/new-york/52-e-14th-st-1531.html/?ref=NS&loc=ns100","Not found","2026-08-17T04:57:38.645Z"
"New York","Electronics","Apple Fifth Avenue","https://www.google.com/maps/place/Apple+Fifth+Avenue/data=!4m7!3m6!1s0x89c258f0741ceda7:0x4fd23cddb7a3d144!8m2!3d40.7638478!4d-73.9729785!16s%2Fg%2F1yl47t1xt!19sChIJp-0cdPBYwokRRNGjt9080k8?authuser=0&hl=en&rclk=1","767 5th Ave, New York, NY 10153, United States","https://www.apple.com/retail/fifthavenue?cid=aos-us-seo-maps","fifthavenue@apple.com","2026-08-17T04:57:42.379Z"
"New York","Electronics","Best Buy","https://www.google.com/maps/place/Best+Buy/data=!4m7!3m6!1s0x89c259a49ea473d5:0xc9fa4d98aafcebd7!8m2!3d40.7426187!4d-73.992714!16s%2Fg%2F1tglnv4x!19sChIJ1XOknqRZwokR1-v8qphN-sk?authuser=0&hl=en&rclk=1","60 W 23rd St, New York, NY 10010, United States","https://stores.bestbuy.com/ny/new-york/60-w-23rd-st-482.html/?ref=NS&loc=ns100","Not found","2026-08-17T04:57:47.450Z"
"New York","Electronics","Best Buy","https://www.google.com/maps/place/Best+Buy/data=!4m7!3m6!1s0x89c2598fbe3b0cc9:0xc9af9b70e5c4d4f9!8m2!3d40.7257151!4d-73.9959345!16s%2Fg%2F1tfdzs46!19sChIJyQw7vo9ZwokR-dTE5XCbr8k?authuser=0&hl=en&rclk=1","622 Broadway, New York, NY 10012, United States","https://stores.bestbuy.com/ny/new-york/622-broadway-609.html/?ref=NS&loc=ns100","Not found","2026-08-17T04:57:51.664Z"
"New York","Electronics","Paymore - Buy, Sell & Trade Electronics","https://www.google.com/maps/place/Paymore+-+Buy,+Sell+%26+Trade+Electronics/data=!4m7!3m6!1s0x89c2597551bd4af3:0x54ba1ae4d568ef1e!8m2!3d40.7450216!4d-73.9972132!16s%2Fg%2F11tjf7dmmy!19sChIJ80q9UXVZwokRHu9o1eQaulQ?authuser=0&hl=en&rclk=1","251 W 23rd St, New York, NY 10011, United States","https://chelseany.paymore.com/?utm_source=google&utm_medium=organic&utm_campaign=GBP&utm_content=website_button","Not found","2026-08-17T04:57:59.340Z"
"New York","Electronics","Electronics R Us","https://www.google.com/maps/place/Electronics+R+Us/data=!4m7!3m6!1s0x89c25bfbdcb19c15:0x178dd8717d806ffb!8m2!3d40.7033685!4d-73.9427063!16s%2Fg%2F1xgzcp_v!19sChIJFZyx3PtbwokR-2-AfXHYjRc?authuser=0&hl=en&rclk=1","53 Graham Ave, Brooklyn, NY 11206, United States","http://www.electronicsrusny.com/","jtitor1965@gmail.com","2026-08-17T04:58:03.102Z"
"New York","Electronics","Nortronics nyc ltd","https://www.google.com/maps/place/Nortronics+nyc+ltd/data=!4m7!3m6!1s0x89c259a5e7464dc9:0xe7042bf8cda7bba!8m2!3d40.7448669!4d-73.9893885!16s%2Fg%2F1262ryx1g!19sChIJyU1G56VZwokRunvajL9CcA4?authuser=0&hl=en&rclk=1","29 W 27th St, New York, NY 10001, United States","http://nortronicsnycltd.com/","info@12shirts.com","2026-08-17T04:58:06.858Z"
"New York","Electronics","New Hitech Service Center","https://www.google.com/maps/place/New+Hitech+Service+Center/data=!4m7!3m6!1s0x89c25a29adea0ef3:0xf9671ee728c751a2!8m2!3d40.7149614!4d-73.9914739!16s%2Fg%2F1tg_bdl5!19sChIJ8w7qrSlawokRolHHKOceZ_k?authuser=0&hl=en&rclk=1","47 Canal St 1st Floor, New York, NY 10002, United States","http://www.newhitech.net/","info@newhitech.net, newhitech.studio47@gmail.com","2026-08-17T04:58:11.444Z"
"New York","Electronics","XCUBICLE - Tech Repairs","https://www.google.com/maps/place/XCUBICLE+-+Tech+Repairs/data=!4m7!3m6!1s0x89c25a29eb9063a1:0xd48ed1b6f467602!8m2!3d40.7069615!4d-74.0097684!16s%2Fg%2F1tj2cxtw!19sChIJoWOQ6ylawokRAnZGbxvtSA0?authuser=0&hl=en&rclk=1","40 Wall St Fl 29, New York, NY 10005, United States","https://xcubicle.com/#contact","Not found","2026-08-17T04:58:17.373Z"
"New York","Electronics","150 Broadway Electronics","https://www.google.com/maps/place/150+Broadway+Electronics/data=!4m7!3m6!1s0x89c2f775babcd5ed:0xb7f2f69676bcb536!8m2!3d40.829561!4d-73.9485086!16s%2Fg%2F11s8kl6nmc!19sChIJ7dW8unX3wokRNrW8dpb28rc?authuser=0&hl=en&rclk=1","3641 Broadway, New York, NY 10031, United States","Not found","Not found","2026-08-17T04:58:21.881Z"
"New York","Electronics","Quick Repair and Electronics","https://www.google.com/maps/place/Quick+Repair+and+Electronics/data=!4m7!3m6!1s0x89c25977d4715555:0xce66486f946fb0a1!8m2!3d40.7276602!4d-73.9826586!16s%2Fg%2F11ggr5v424!19sChIJVVVx1HdZwokRobBvlG9IZs4?authuser=0&hl=en&rclk=1","151 Avenue A, New York, NY 10009, United States","http://www.quickrepairona.com/","info@quickrepairona.com","2026-08-17T04:58:25.765Z"
"New York","Electronics","Mathlaboul Fawzaini Electronics","https://www.google.com/maps/place/Mathlaboul+Fawzaini+Electronics/data=!4m7!3m6!1s0x89c2f61106a17c67:0x575881eb4e1bff34!8m2!3d40.8027608!4d-73.9509796!16s%2Fg%2F1tfgqb1y!19sChIJZ3yhBhH2wokRNP8bTuuBWFc?authuser=0&hl=en&rclk=1","131 W 116th St, New York, NY 10026, United States","Not found","Not found","2026-08-17T04:58:26.982Z"
"New York","Electronics","Stereo Exchange","https://www.google.com/maps/place/Stereo+Exchange/data=!4m7!3m6!1s0x89c2598fc0784dbd:0xccaf393b1fe900e7!8m2!3d40.7375006!4d-73.9907455!16s%2Fg%2F1tl_mmsf!19sChIJvU14wI9ZwokR5wDpHzs5r8w?authuser=0&hl=en&rclk=1","23 E 17th St 2nd Floor, New York, NY 10003, United States","http://www.stereoexchange.com/","Not found","2026-08-17T04:58:31.303Z"
"New York","Electronics","5th Electronics Corp","https://www.google.com/maps/place/5th+Electronics+Corp/data=!4m7!3m6!1s0x89c25be35fbd1a0b:0x837dd630114c4455!8m2!3d40.6412553!4d-74.0140215!16s%2Fg%2F11z2knk_d4!19sChIJCxq9X-NbwokRVURMETDWfYM?authuser=0&hl=en&rclk=1","5619 5th Ave, Brooklyn, NY 11220, United States","Not found","Not found","2026-08-17T04:58:33.277Z"
"New York","Electronics","U Sell I Buy","https://www.google.com/maps/place/U+Sell+I+Buy/data=!4m7!3m6!1s0x89c25919133e1583:0x36f78bdf5b885e64!8m2!3d40.7520099!4d-73.9912099!16s%2Fg%2F11z7fppgrp!19sChIJgxU-ExlZwokRZF6IW9-L9zY?authuser=0&hl=en&rclk=1","224 W 35th St Ste 700-6, New York, NY 10001, United States","https://www.usellibuy.us/","wepaymorecorp@gmail.com","2026-08-17T04:58:42.402Z"
"New York","Electronics","Adorama","https://www.google.com/maps/place/Adorama/data=!4m7!3m6!1s0x89c259a2d8828ea5:0x8af6b6e643a75575!8m2!3d40.7393143!4d-73.9940933!16s%2Fg%2F1tgjm65t!19sChIJpY6C2KJZwokRdVWnQ-a29oo?authuser=0&hl=en&rclk=1","42 W 18th St, New York, NY 10011, United States","https://www.adorama.com/","Not found","2026-08-17T04:58:44.452Z"
"New York","Electronics","Micro Center","https://www.google.com/maps/place/Micro+Center/data=!4m7!3m6!1s0x89c25ac02c3f7c29:0x9e08db63d2d139b0!8m2!3d40.658742!4d-74.0040142!16s%2Fg%2F1pzr_k3l9!19sChIJKXw_LMBawokRsDnR0mPbCJ4?authuser=0&hl=en&rclk=1","850 3rd Ave, Brooklyn, NY 11232, United States","https://www.microcenter.com/site/stores/brooklyn.aspx?storeid=115","Not found","2026-08-17T04:58:48.887Z"
"New York","Electronics","Broadway Electronics","https://www.google.com/maps/place/Broadway+Electronics/data=!4m7!3m6!1s0x89c25f36e832217d:0xee1610d9f602d53d!8m2!3d40.763412!4d-73.9280026!16s%2Fg%2F11bc6z8qbs!19sChIJfSEy6DZfwokRPdUC9tkQFu4?authuser=0&hl=en&rclk=1","25-03 Broadway, Astoria, NY 11106, United States","Not found","Not found","2026-08-17T04:58:57.135Z"
"New York","Electronics","Apple SoHo","https://www.google.com/maps/place/Apple+SoHo/data=!4m7!3m6!1s0x89c2598ef4ac7557:0x82a5771324cf7f25!8m2!3d40.725058!4d-73.999029!16s%2Fg%2F1tmy5zj3!19sChIJV3Ws9I5ZwokRJX_PJBN3pYI?authuser=0&hl=en&rclk=1","103 Prince St, New York, NY 10012, United States","https://www.apple.com/retail/soho?cid=aos-us-seo-maps","soho@apple.com","2026-08-17T04:59:04.589Z"
"New York","Home & Furniture","Furnish Green","https://www.google.com/maps/place/Furnish+Green/data=!4m7!3m6!1s0x89c259a8d04c0a5b:0x5a6401e50bbca22f!8m2!3d40.7440977!4d-73.9938469!16s%2Fg%2F1v6qjjrg!19sChIJWwpM0KhZwokRL6K8C-UBZFo?authuser=0&hl=en&rclk=1","132 1/2 W 24th St, New York, NY 10011, United States","http://www.furnishgreen.com/","furnishgreen@gmail.com","2026-08-17T04:59:21.177Z"
"New York","Home & Furniture","Home style furniture of astoria","https://www.google.com/maps/place/Home+style+furniture+of+astoria/data=!4m7!3m6!1s0x89c25f37376ef227:0x12f24218d5b7cb00!8m2!3d40.7624516!4d-73.9258371!16s%2Fg%2F1tmxggsm!19sChIJJ_JuNzdfwokRAMu31RhC8hI?authuser=0&hl=en&rclk=1","30-03 Broadway, Astoria, NY 11106, United States","http://hstylef.com/","Not found","2026-08-17T04:59:25.981Z"
"New York","Home & Furniture","New Home Furniture Corp","https://www.google.com/maps/place/New+Home+Furniture+Corp/data=!4m7!3m6!1s0x89c24551ad347f51:0xb50a0da7c0c3cffe!8m2!3d40.6344384!4d-74.0203629!16s%2Fg%2F1td2vtck!19sChIJUX80rVFFwokR_s_DwKcNCrU?authuser=0&hl=en&rclk=1","6745 5th Ave, Brooklyn, NY 11220, United States","http://www.newhome-furniture.com/","Not found","2026-08-17T04:59:32.011Z"
"New York","Home & Furniture","Brooklyn City Furniture","https://www.google.com/maps/place/Brooklyn+City+Furniture/data=!4m7!3m6!1s0x89c25946d40dfa05:0xe74ff63788916add!8m2!3d40.728413!4d-73.9532375!16s%2Fg%2F11cfbq1hb!19sChIJBfoN1EZZwokR3WqRiDf2T-c?authuser=0&hl=en&rclk=1","820 Manhattan Ave, Brooklyn, NY 11222, United States","http://brooklyncityfurniture.com/","info@brooklyncityfurniture.com","2026-08-17T04:59:34.857Z"
"New York","Home & Furniture","Villa & House New York (Originally known as Bungalow 5)","https://www.google.com/maps/place/Villa+%26+House+New+York+%28Originally+known+as+Bungalow+5%29/data=!4m7!3m6!1s0x89c259e39e8b6533:0x5266df309640a1cd!8m2!3d40.7403297!4d-73.989775!16s%2Fg%2F11kbdjtxvr!19sChIJM2WLnuNZwokRzaFAljDfZlI?authuser=0&hl=en&rclk=1","931 Broadway, New York, NY 10010, United States","http://www.vandh.com/","info@vandh.com","2026-08-17T04:59:41.214Z"
"New York","Home & Furniture","Maiden Home","https://www.google.com/maps/place/Maiden+Home/data=!4m7!3m6!1s0x89c25b19f7c64d8f:0x9f35d93ceba465f6!8m2!3d40.740012!4d-74.0075227!16s%2Fg%2F11j53h5j8m!19sChIJj03G9xlbwokR9mWk6zzZNZ8?authuser=0&hl=en&rclk=1","34 Little W 12th St, New York, NY 10014, United States","http://www.maidenhome.com/","design@maidenhome.com","2026-08-17T04:59:48.765Z"
"New York","Home & Furniture","Ethan Allen","https://www.google.com/maps/place/Ethan+Allen/data=!4m7!3m6!1s0x89c258e5f6781811:0x24ff6ed449772319!8m2!3d40.760458!4d-73.9693232!16s%2Fg%2F1tdh4sk2!19sChIJERh49uVYwokRGSN3SdRu_yQ?authuser=0&hl=en&rclk=1","685 Lexington Ave, New York, NY 10022, United States","https://www.ethanallen.com/en_US/store-details?StoreID=507","customerservice@ethanallen.com, orders@ethanallen.com","2026-08-17T04:59:54.864Z"
"New York","Home & Furniture","Sundays Furniture NYC","https://www.google.com/maps/place/Sundays+Furniture+NYC/data=!4m7!3m6!1s0x89c259b96b701ea3:0x664e2b327d085126!8m2!3d40.7390154!4d-73.9924838!16s%2Fg%2F11md28ns6r!19sChIJox5wa7lZwokRJlEIfTIrTmY?authuser=0&hl=en&rclk=1","7 W 18th St, New York, NY 10011, United States","https://www.sundays-company.com/pages/showrooms/nyc","info@sundays-company.com","2026-08-17T04:59:58.665Z"
"New York","Home & Furniture","Safavieh Home Furnishings","https://www.google.com/maps/place/Safavieh+Home+Furnishings/data=!4m7!3m6!1s0x89c25903e310a0e9:0x30c56864ac43ae08!8m2!3d40.7268669!4d-74.0007476!16s%2Fg%2F11h777jcwk!19sChIJ6aAQ4wNZwokRCK5DrGRoxTA?authuser=0&hl=en&rclk=1","150 Thompson St, New York, NY 10012, United States","https://safaviehhome.com/","home@safavieh.com, emailhome@safavieh.com","2026-08-17T05:00:05.150Z"
"New York","Home & Furniture","Jensen-Lewis Furniture","https://www.google.com/maps/place/Jensen-Lewis+Furniture/data=!4m7!3m6!1s0x89c258e5b9d1b4e9:0x3397b90cfe40548c!8m2!3d40.7607444!4d-73.9669261!16s%2Fg%2F1vlk2gq2!19sChIJ6bTRueVYwokRjFRA_gy5lzM?authuser=0&hl=en&rclk=1","969 3rd Ave, New York, NY 10022, United States","https://www.jensen-lewis.com/","Not found","2026-08-17T05:00:10.637Z"
"New York","Home & Furniture","7th Avenue @ Nolita NYC","https://www.google.com/maps/place/7th+Avenue+@+Nolita+NYC/data=!4m7!3m6!1s0x89c259231283982b:0xe3f52e06bfebb9b7!8m2!3d40.7204937!4d-73.9960938!16s%2Fg%2F11kq5chc8b!19sChIJK5iDEiNZwokRt7nrvwYu9eM?authuser=0&hl=en&rclk=1","175 A Mott St, New York, NY 10012, United States","https://7thavenue.co/","sales@7thavenue.co, support@7thavenue.co, press@7thavenue.co","2026-08-17T05:00:17.396Z"
"New York","Home & Furniture","Canal Furniture","https://www.google.com/maps/place/Canal+Furniture/data=!4m7!3m6!1s0x89c2598a73af69c1:0xcf9b9ae0dfe06241!8m2!3d40.7186887!4d-74.0021707!16s%2Fg%2F1td145l_!19sChIJwWmvc4pZwokRQWLg3-Cam88?authuser=0&hl=en&rclk=1","402 Broadway, New York, NY 10013, United States","https://nyfurniture.com/","Not found","2026-08-17T05:00:25.585Z"
"New York","Home & Furniture","Safavieh Home Furnishings","https://www.google.com/maps/place/Safavieh+Home+Furnishings/data=!4m7!3m6!1s0x89c259a3d09a2193:0x686874ce1f3339ff!8m2!3d40.7394174!4d-73.9988707!16s%2Fg%2F1tgb8875!19sChIJkyGa0KNZwokR_zkzH850aGg?authuser=0&hl=en&rclk=1","89 7th Ave, New York, NY 10011, United States","https://safaviehhome.com/","home@safavieh.com, emailhome@safavieh.com","2026-08-17T05:00:32.780Z"
"New York","Home & Furniture","Bob’s Discount Furniture and Mattress Store","https://www.google.com/maps/place/Bob%E2%80%99s+Discount+Furniture+and+Mattress+Store/data=!4m7!3m6!1s0x89c2f5fcec94093f:0x8d4121018b2fcc8!8m2!3d40.7952416!4d-73.9306489!16s%2Fg%2F1tdq_nbp!19sChIJPwmU7Pz1wokRyPyyGBAS1Ag?authuser=0&hl=en&rclk=1","517 E 117th St, New York, NY 10035, United States","https://www.mybobs.com/store/new-york/manhattan?utm_medium=local&utm_source=maps&utm_campaign=Yext&utm_term=new_york&utm_content=new_york","Not found","2026-08-17T05:00:39.805Z"
"New York","Home & Furniture","FROM THE SOURCE","https://www.google.com/maps/place/FROM+THE+SOURCE/data=!4m7!3m6!1s0x89c259bce8bc48b9:0x831321d416e82179!8m2!3d40.7262434!4d-74.0079957!16s%2Fg%2F11dxqd70rd!19sChIJuUi86LxZwokReSHoFtQhE4M?authuser=0&hl=en&rclk=1","311 Hudson St, New York, NY 10013, United States","http://www.ftsny.com/","sales@ftsny.com","2026-08-17T05:00:44.405Z"
"New York","Home & Furniture","Burrow House","https://www.google.com/maps/place/Burrow+House/data=!4m7!3m6!1s0x89c259ad83858c77:0x6642efcc41f8f486!8m2!3d40.7227557!4d-74.0025888!16s%2Fg%2F11j7w4qh0s!19sChIJd4yFg61ZwokRhvT4QczvQmY?authuser=0&hl=en&rclk=1","47 Wooster St, New York, NY 10013, United States","https://burrow.com/","support@burrow.com","2026-08-17T05:00:51.028Z"
"New York","Home & Furniture","Kathy Kuo Home","https://www.google.com/maps/place/Kathy+Kuo+Home/data=!4m7!3m6!1s0x89c2f6117bc15535:0xb675cdd34ad0bf0b!8m2!3d40.7218538!4d-74.0085772!16s%2Fg%2F11fzjwh33s!19sChIJNVXBexH2wokRC7_QStPNdbY?authuser=0&hl=en&rclk=1","161 Hudson St, New York, NY 10013, United States","https://www.kathykuohome.com/?utm_source=social&utm_medium=gmb&utm_campaign=profile","Not found","2026-08-17T05:00:53.384Z"
"New York","Home & Furniture","Exceptional Furniture Store","https://www.google.com/maps/place/Exceptional+Furniture+Store/data=!4m7!3m6!1s0x89c25ae93606fad1:0x5450235a48597580!8m2!3d40.6631653!4d-73.9989127!16s%2Fg%2F1tjypm_6!19sChIJ0foGNulawokRgHVZSFojUFQ?authuser=0&hl=en&rclk=1","718 3rd Ave 2nd Floor, Brooklyn, NY 11232, United States","https://www.efurnitureny.com/","Not found","2026-08-17T05:00:59.716Z"
"New York","Home & Furniture","Room & Board","https://www.google.com/maps/place/Room+%26+Board/data=!4m7!3m6!1s0x89c259bc115bf543:0xcb6707a3b8a2673a!8m2!3d40.7415182!4d-73.9998828!16s%2Fg%2F11b6ql9_1s!19sChIJQ_VbEbxZwokROmeiuKMHZ8s?authuser=0&hl=en&rclk=1","236 W 18th St, New York, NY 10011, United States","https://www.roomandboard.com/stores/chelsea?Camp=loc_chelsea","Not found","2026-08-17T05:01:03.575Z"
"New York","Home & Furniture","Suite NY","https://www.google.com/maps/place/Suite+NY/data=!4m7!3m6!1s0x89c258faabd34125:0x1c9cbaf84937986f!8m2!3d40.7447235!4d-73.9828774!16s%2Fg%2F1tdy9_0l!19sChIJJUHTq_pYwokRb5g3Sfi6nBw?authuser=0&hl=en&rclk=1","443 Park Ave S 11th floor, New York, NY 10016, United States","http://www.suiteny.com/","showroomsales@suiteny.com, appointments@suiteny.com","2026-08-17T05:01:09.975Z"
"New York","Home & Furniture","RH New York | The Gallery in the Historic Meatpacking District","https://www.google.com/maps/place/RH+New+York+%7C+The+Gallery+in+the+Historic+Meatpacking+District/data=!4m7!3m6!1s0x89c259a3e51bda77:0x6aa39452f0120d52!8m2!3d40.739994!4d-74.0066009!16s%2Fg%2F1tfbtszz!19sChIJd9ob5aNZwokRUg0S8FKUo2o?authuser=0&hl=en&rclk=1","9 9th Ave, New York, NY 10014, United States","https://rh.com/NewYork","Not found","2026-08-17T05:01:16.371Z"
"New York","Home & Furniture","Modern Furniture Online","https://www.google.com/maps/place/Modern+Furniture+Online/data=!4m7!3m6!1s0x89c25e4e7cfcdbcb:0x3bc0b1b6e1627ac2!8m2!3d40.7342482!4d-73.8744278!16s%2Fg%2F1tv251my!19sChIJy9v8fE5ewokRwnpi4baxwDs?authuser=0&hl=en&rclk=1","89-18 Queens Blvd, Elmhurst, NY 11373, United States","http://www.modernfurnitureonline.com/","info@modernfurnitureonline.com, carlos@modernfurnitureonline.com","2026-08-17T05:01:23.106Z"
"New York","Home & Furniture","New York Design Center","https://www.google.com/maps/place/New+York+Design+Center/data=!4m7!3m6!1s0x89c25907c55e77e1:0x7e290805cb28d637!8m2!3d40.7454845!4d-73.9805782!16s%2Fg%2F11b5s2db97!19sChIJ4XdexQdZwokRN9YoywUIKX4?authuser=0&hl=en&rclk=1","200 Lexington Ave, New York, NY 10016, United States","http://www.nydc.com/","Not found","2026-08-17T05:01:27.243Z"
"New York","Home & Furniture","Cairo City Furniture","https://www.google.com/maps/place/Cairo+City+Furniture/data=!4m7!3m6!1s0x89c25fa3f1f37fdb:0xf72aaccb2680daa0!8m2!3d40.7561111!4d-73.8819444!16s%2Fg%2F1xn_p95j!19sChIJ23_z8aNfwokRoNqAJsusKvc?authuser=0&hl=en&rclk=1","85-17 Northern Blvd, Jackson Heights, NY 11372, United States","http://cairocityfurniture.com/","cairocity2003@aol.com","2026-08-17T05:01:31.194Z"
"New York","Home & Furniture","Fritz Hansen New York","https://www.google.com/maps/place/Fritz+Hansen+New+York/data=!4m7!3m6!1s0x89c2598ba66dd20b:0x9d39583029d3585d!8m2!3d40.746638!4d-73.9839838!16s%2Fg%2F1tgwt58d!19sChIJC9JtpotZwokRXVjTKTBYOZ0?authuser=0&hl=en&rclk=1","152 Madison Ave, New York, NY 10016, United States","http://www.fritzhansen.com/","info@fritzhansen.com, webshop@fritzhansen.com, 00info@fritzhansen.comwebshop","2026-08-17T05:01:35.404Z"